path	sha256	component	reasons
LICENSE.FDL	ed8742a95cb9db653a09b050e27ccff5e67ba69c14aa2c3137f2a4e1892f6c0d	qt5-superproject	license-basename
LICENSE.GPL3-EXCEPT	0dbe024961f6ab5c52689cbd036c977975d0d0f6a67ff97762d96cb819dd5652	qt5-superproject	license-basename
LICENSE.GPLv2	edfe70e99be2a7c109d860b19204609e582720b211c50caedac729da372a1253	qt5-superproject	license-basename
LICENSE.GPLv3	245248009fd0af1725d183248380e476c1283383909358a13686606352bf2a17	qt5-superproject	license-basename
LICENSE.LGPLv21	1996a36160b2158c2be264d2ddfa6148ebe0f1ececff55aca8d754a1ddcc7bb8	qt5-superproject	license-basename
LICENSE.LGPLv3	5ceb37d1c7c1d92878b82af3c0fd5558087f3d5a08a3a4d43850bad4ad265a52	qt5-superproject	license-basename
LICENSE.QT-LICENSE-AGREEMENT	b859345cdeee259a290779eb2a5b8aa08c9cd8cdf29d9409a3ef6022092a36b7	qt5-superproject	license-basename
qtbase/LICENSE.FDL	ed8742a95cb9db653a09b050e27ccff5e67ba69c14aa2c3137f2a4e1892f6c0d	qtbase	license-basename
qtbase/LICENSE.GPL2	8177f97513213526df2cf6184d8ff986c675afb514d4e68a404010521b880643	qtbase	license-basename
qtbase/LICENSE.GPL3	8ceb4b9ee5adedde47b31e975c1d90c73ad27b6b165a1dcd80c7c545eb65b903	qtbase	license-basename
qtbase/LICENSE.GPL3-EXCEPT	0dbe024961f6ab5c52689cbd036c977975d0d0f6a67ff97762d96cb819dd5652	qtbase	license-basename
qtbase/LICENSE.LGPL3	da7eabb7bafdf7d3ae5e9f223aa5bdc1eece45ac569dc21b3b037520b4464768	qtbase	license-basename
qtbase/LICENSE.LGPLv3	88ec689407cf2df9b2eb5c45952564d51ce73c129a3bdffb15c0d2d161ad7558	qtbase	license-basename
qtbase/LICENSE.QT-LICENSE-AGREEMENT	cdedb2eb6e7c4ea8d41da6dc17120607cc88a40ab1f8a5a6c34497b703c90336	qtbase	license-basename
qtbase/doc/src/images/licensewizard-example.png	3d65507c1c9acc313bb43709fd36e024d9b05f3cfaa55f9f50fa2cb922dfd35f	qtbase	license-basename
qtbase/examples/widgets/dialogs/licensewizard/licensewizard.cpp	a5dc5b7761e69512d17ae759a9c6a253be1db6e3f91f2c90b9ee33b9847bd153	qtbase	license-basename
qtbase/examples/widgets/dialogs/licensewizard/licensewizard.h	1cee7f5ea59efd454295713219b02c7f5460a8152a5c406ee013c5fe1e9ecc2d	qtbase	license-basename
qtbase/examples/widgets/dialogs/licensewizard/licensewizard.pro	42668d006d6ee28ed66ba3910cf1d106480631ddc24ef5aee665b982084ccf8a	qtbase	license-basename
qtbase/examples/widgets/dialogs/licensewizard/licensewizard.qrc	7d26a009bc3ad6aa90de263b4bc4b35a54296745629f0a13b35fbd8e1d96d0f3	qtbase	license-basename
qtbase/examples/widgets/doc/src/licensewizard.qdoc	69d825d91c1e8f73c74e875badc818e2d69b293449a6bd89d8862d804f8b2d22	qtbase	license-basename
qtbase/examples/widgets/tools/settingseditor/inifiles/licensepage.ini	1948dabaa56efecd40e55ce1ebc48af807422218408fa69b6c07bfecaddf6ea0	qtbase	license-basename
qtbase/src/3rdparty/VulkanMemoryAllocator/LICENSE.txt	e21477eed484b07902a861a1b18d1e4ecd3e6f22fa81e2410f0770cfb67290e8	qtbase	attribution-reference,license-basename
qtbase/src/3rdparty/VulkanMemoryAllocator/qt_attribution.json	c53feebd09f9c62ddb1b333fa65e805589f5a888790b88c8e61bba483741999c	qtbase	qt-attribution
qtbase/src/3rdparty/android/LICENSE	4a51cf7f724f51bedb5fa4f9583a2762f1db8d05e43a577e2487c7aab2fdce18	qtbase	attribution-reference,license-basename
qtbase/src/3rdparty/android/qt_attribution.json	280ad3f07024dcaa1ae833aa945dd0c575861109f8b7bed49af0a452809c9800	qtbase	qt-attribution
qtbase/src/3rdparty/angle/KHRONOS_LICENSE	02aa1fb7dc3aabd8dc348b480724569623bd96a90cdf1b53df8377b7f5507f07	qtbase	attribution-reference
qtbase/src/3rdparty/angle/LICENSE	77af9c9fc2710ee66b8282291a9392a9a61f1d5b3ad6e478d0b6c544de5f9aca	qtbase	attribution-reference,license-basename
qtbase/src/3rdparty/angle/SYSTEMINFO_LICENSE	9f76204b1885bb7884cb807ef23ee51033d2273a166daeb6487cad89fc727d77	qtbase	attribution-reference
qtbase/src/3rdparty/angle/TRACEEVENT_LICENSE	4a8d0e854494c7d2b1f6a66c431542955e88fab4a4982210cd33faf2cc984d3b	qtbase	attribution-reference
qtbase/src/3rdparty/angle/qt_attribution.json	c04e5a710498ce5a8b370b9f75f16cdbbf9eed3dbbc9738a698d656850084595	qtbase	qt-attribution
qtbase/src/3rdparty/angle/src/common/third_party/smhasher/LICENSE	3f6f1b520bc53e878ccbb698ad0bacef3752a5f4e4b50a26552bd70f60b40748	qtbase	license-basename
qtbase/src/3rdparty/angle/src/third_party/compiler/LICENSE	a08ba10adec47027ef8078848729837b1c5a42f140718d7afd65c23f1eeec392	qtbase	attribution-reference,license-basename
qtbase/src/3rdparty/angle/src/third_party/libXNVCtrl/LICENSE	31346421254a3e6e12687cf17f19f6357ee73a617fa7b3d3ccefdcbabe49bdd3	qtbase	license-basename
qtbase/src/3rdparty/double-conversion/LICENSE	4af93c12062c58058378de2397dc1c92bbff9ddfb1d583a01c84127557ce97ca	qtbase	attribution-reference,license-basename
qtbase/src/3rdparty/double-conversion/qt_attribution.json	fbf846074dc3fd6eb9e5d4fe75a268dcac3364c9d8db5ed715112c6da307d793	qtbase	qt-attribution
qtbase/src/3rdparty/easing/LICENSE	92fac99458f1754b73edf50f9c9983e0efaa06ad96e2afd5e538c79f45b4b191	qtbase	attribution-reference,license-basename
qtbase/src/3rdparty/easing/qt_attribution.json	a84396684cf6ac348fe953579cbaf3e72e87d43717ea4a9e00069d06afb61fa3	qtbase	qt-attribution
qtbase/src/3rdparty/forkfd/LICENSE	d0d683ae18e78fbef90eb41168fb781920da2d12bf80704490f0882915c18ae0	qtbase	attribution-reference,license-basename
qtbase/src/3rdparty/forkfd/qt_attribution.json	ef8712b7bcc60b99b7de14754e023053ab9820a053b3f3b5d24b0e80a971d87b	qtbase	qt-attribution
qtbase/src/3rdparty/freebsd/LICENSE	dc2caba29eb862f6c1720aecb18e16f4e19d61227ee408be37fb0e9c3d00994f	qtbase	attribution-reference,license-basename
qtbase/src/3rdparty/freebsd/qt_attribution.json	49ab2d008b0f1c9ce762611bd043c951f8b9499487d772c4ddc2e003bc9bfa3c	qtbase	qt-attribution
qtbase/src/3rdparty/freetype/BDF-LICENSE.txt	e4e792f29e66750f2e410fd7b50a567652c180f6ee15e1a4dfa0bb5cde524537	qtbase	attribution-reference
qtbase/src/3rdparty/freetype/LICENSE.txt	bf543cdda11864477b8d2ca2aa9afc2aaa8f9133461b4d962ed6ec73646256a1	qtbase	attribution-reference,license-basename
qtbase/src/3rdparty/freetype/PCF-LICENSE.txt	6938597bfdeca0db191a8f9ede52eaf2482c2c71a0094c084747a1235f9958fe	qtbase	attribution-reference
qtbase/src/3rdparty/freetype/ZLIB-LICENSE.txt	2b1f5d615382a151af3eb71462ad17d89e2efee8fa7664058d35d3d9237ebb19	qtbase	attribution-reference
qtbase/src/3rdparty/freetype/qt_attribution.json	fcfe62c1da38e7fad98ee203d9a45b8294706b51011bba02af151805d3c905c2	qtbase	qt-attribution
qtbase/src/3rdparty/gradle/LICENSE	e5bfcf1132c8e12c3fce87d4dfbcb543cfb7202d8fa28ba85c07132e30836437	qtbase	attribution-reference,license-basename
qtbase/src/3rdparty/gradle/qt_attribution.json	d78bfa22f58c63e9bc083570d7f7b9696f312f3e44a1f5d06de51af7a4827caa	qtbase	qt-attribution
qtbase/src/3rdparty/harfbuzz-ng/COPYING	ba8f810f2455c2f08e2d56bb49b72f37fcf68f1f4fade38977cfd7372050ad64	qtbase	attribution-reference,license-basename
qtbase/src/3rdparty/harfbuzz-ng/qt_attribution.json	c503de7d941a0ace315f4155f0ad99261d77f37f5473e604decc6cda2440a4ad	qtbase	qt-attribution
qtbase/src/3rdparty/harfbuzz/COPYING	ed7c20569a8f7daa06d2032b21bf240c5b6d8a0acb572d775bc6e78e61811191	qtbase	attribution-reference,license-basename
qtbase/src/3rdparty/harfbuzz/qt_attribution.json	a5a14caf3f79ed780941d2de5a583b6d0e0052bb0ac754cc65b75f801d59bc9e	qtbase	qt-attribution
qtbase/src/3rdparty/iaccessible2/LICENSE	603fb8e9a443c95cb56c0e458a0ad17fdcadfc5bbb7e580d2199ee0145882746	qtbase	attribution-reference,license-basename
qtbase/src/3rdparty/iaccessible2/qt_attribution.json	ec98fa966c4955a1fad114f9b27555d9d8763d1fa50a4cee9d6dd87510c53b7a	qtbase	qt-attribution
qtbase/src/3rdparty/icc/LICENSE.txt	9e34ff47b3a44814e183342e7e198d127a6740e29d20e8381fba7688dafc79dd	qtbase	attribution-reference,license-basename
qtbase/src/3rdparty/icc/qt_attribution.json	3099ef5b1b1d0d24d7783e42a80a26721949fedc9d2353f3c04e3befc0e8e6c0	qtbase	qt-attribution
qtbase/src/3rdparty/libjpeg/COPYRIGHT.txt	f26a2c0b6c1ab7e40444de31cc5b112a534cc589d6fd9b93620054e9692b81c6	qtbase	license-basename
qtbase/src/3rdparty/libjpeg/LICENSE	e548c96c0c09397c94b5c5531836c02ff2c403f1f2b130cad8e3ec9439b5a7cc	qtbase	attribution-reference,license-basename
qtbase/src/3rdparty/libjpeg/ijg-license.txt	1cb448f5e2e6d3aca60943f4eee1a04675628dc0266a074a42bc1560ebc28d61	qtbase	attribution-reference
qtbase/src/3rdparty/libjpeg/qt_attribution.json	2cebbcd0550b9a401ca84398529ba34e538281b992dcb8a4bc500d8ff3557b2b	qtbase	qt-attribution
qtbase/src/3rdparty/libpng/LICENSE	7317e078e2d3b5d7ba5a6159e650945153262b44b76f6700f8e9edb261c5143e	qtbase	attribution-reference,license-basename
qtbase/src/3rdparty/libpng/qt_attribution.json	2b1ea69c4a3ee6bbb5df3c2ad7052630f95fb0391c549cb894a81a336b4bed3f	qtbase	qt-attribution
qtbase/src/3rdparty/md4/qt_attribution.json	f4f774b80cee07a56b8190831174e95e9431bc91fac7f7d0e5f0649253024d95	qtbase	qt-attribution
qtbase/src/3rdparty/md4c/LICENSE.md	51cb6ce22ad3ab29ad12fe8586184e89cee5cc610513b8007b57b75f640333a1	qtbase	attribution-reference,license-basename
qtbase/src/3rdparty/md4c/qt_attribution.json	c2aebbf47a4352652aac0869745129d8d9995fb96bf2566efb3ddda0ac33416e	qtbase	qt-attribution
qtbase/src/3rdparty/md5/qt_attribution.json	99d59714bacbaa0cff17ed821ae65832a7ba9129420d9c49049d19d3594bf007	qtbase	qt-attribution
qtbase/src/3rdparty/pcre2/LICENCE	030087e2e8dd7c1bdd26057d25d4ded8f45bbf01ad458d68665ad04b8b0fbedf	qtbase	attribution-reference,license-basename
qtbase/src/3rdparty/pcre2/LICENCE-SLJIT	48b7773d240da636ed7be0ec470df49de0665f660bba7cb913403bf90e007fb1	qtbase	attribution-reference,license-basename
qtbase/src/3rdparty/pcre2/qt_attribution.json	5d9b6621c5d9251e5a0b20910db456accb9455b19ed071ccbb46da7662aa11c1	qtbase	qt-attribution
qtbase/src/3rdparty/pixman/LICENSE	942c4f2a80394d3f53599b8382e9f27349b95c45d92b69b84f26d404f4dd74a5	qtbase	attribution-reference,license-basename
qtbase/src/3rdparty/pixman/qt_attribution.json	46f11c249deb2191fe949f260dde687715024ce9b2f4781bc18e0057e3bd1d87	qtbase	qt-attribution
qtbase/src/3rdparty/rfc6234/LICENSE	7ccebd514aaabc86192f957d773cebf06577c12fe9f25ecd419c6cac5da7a14c	qtbase	attribution-reference,license-basename
qtbase/src/3rdparty/rfc6234/qt_attribution.json	ff74cc750ac04dddc72e0e76cd5b9dca2ea1516ef102eff1c3990e992ef24452	qtbase	qt-attribution
qtbase/src/3rdparty/sha1/qt_attribution.json	6dac3a89f50e6680063d171dfed9bd65ca19f2230c93385ee2a6c7a8c82e8eac	qtbase	qt-attribution
qtbase/src/3rdparty/sha3/BRG_ENDIAN_LICENSE	2fed6f252ca4a7e813811de3cd3cd08183edd4138bdee909410ef6eee394e82c	qtbase	attribution-reference
qtbase/src/3rdparty/sha3/CC0_LICENSE	1f2786e2c5befeb4dcba6638db6528bf96ef5d2cf24bc85ab5a81ef00abef59d	qtbase	attribution-reference
qtbase/src/3rdparty/sha3/qt_attribution.json	06163014f337ea4fbdbbc6bdb1a7612a36abd1bec4030e53e737e095cd6883eb	qtbase	qt-attribution
qtbase/src/3rdparty/sqlite/blessing.txt	592db1199aab67aafe4515db9808b420db122083807c5329b2f061951e79acbe	qtbase	attribution-reference
qtbase/src/3rdparty/sqlite/qt_attribution.json	606c8f6a297d5e90c6aa29a8dd89312326fa12ba341ba8c6bd59437c4b2b5c44	qtbase	qt-attribution
qtbase/src/3rdparty/tinycbor/LICENSE	3c6ba0b5bfa7830505301ffb336a17b0748e0d61c4d34216e9dc98f10e40395e	qtbase	attribution-reference,license-basename
qtbase/src/3rdparty/tinycbor/qt_attribution.json	483f1bf5cc453dd64bca31930225d7f6adf754d2ec01d1ab0c8c2904eb1d0171	qtbase	qt-attribution
qtbase/src/3rdparty/wasm/DEJAVU-LICENSE	7a083b136e64d064794c3419751e5c7dd10d2f64c108fe5ba161eae5e5958a93	qtbase	attribution-reference
qtbase/src/3rdparty/wasm/VERA-LICENSE	71a7629ae51eab38d483b6d5c86a34ab7d459f5319a16746684acca768e38c47	qtbase	attribution-reference
qtbase/src/3rdparty/wasm/qt_attribution.json	394bd3a281a972ec417c9ecf6991d854cec61030ff4554d2e8d0552f2e9314ae	qtbase	qt-attribution
qtbase/src/3rdparty/wintab/LICENSE.txt	c10225ebbd5191bfdd761b0d7752c785f2453ab665d6c454473fb12d254668aa	qtbase	attribution-reference,license-basename
qtbase/src/3rdparty/wintab/qt_attribution.json	51fcb2c1d69565c7bc764e4d0cb4df06dde5faca4d548d012582437bb00c687e	qtbase	qt-attribution
qtbase/src/3rdparty/xcb/LICENSE	82775191bc05f85b40404d77bb69b1edeaeb4033f48387e9e5eab4dd67f5d6f1	qtbase	attribution-reference,license-basename
qtbase/src/3rdparty/xcb/qt_attribution.json	d63656d5c61932c0fa4d7b4f92179a22572140eb5f706437d1e4a7e45cd06611	qtbase	qt-attribution
qtbase/src/3rdparty/zlib/LICENSE	d7e3139972874dc8abdbbfce27ec1e6f942b28279dd7d27453630a8b4610e080	qtbase	attribution-reference,license-basename
qtbase/src/3rdparty/zlib/qt_attribution.json	4dddbb62908a7752c0ccea9a908e1b71a4b97ff3924fea32a21684765df901c3	qtbase	qt-attribution
qtbase/src/corelib/codecs/QBIG5CODEC_LICENSE.txt	425475b78739a2985e61c619ba833af364bba405c69e9cf2eb027e5790cc00c8	qtbase	attribution-reference
qtbase/src/corelib/codecs/QBKCODEC_LICENSE.txt	a2cc13f96cc199017b0e41c4a44faef0cce9a024fac0710e39d8fc499d738bff	qtbase	attribution-reference
qtbase/src/corelib/codecs/QEUCJPCODEC_LICENSE.txt	a2a58c25c18cc5c203b2ebf7a706f6baeb93d43fc443bc095acded6d259842ea	qtbase	attribution-reference
qtbase/src/corelib/codecs/QEUCKRCODEC_LICENSE.txt	1c1a8f5823b81498368ba5ff489f1c05fb61a71dcbe4ebd8138bde86837ade2c	qtbase	attribution-reference
qtbase/src/corelib/codecs/QJISCODEC_LICENSE.txt	a2a58c25c18cc5c203b2ebf7a706f6baeb93d43fc443bc095acded6d259842ea	qtbase	attribution-reference
qtbase/src/corelib/codecs/QSJISCODEC_LICENSE.txt	a2a58c25c18cc5c203b2ebf7a706f6baeb93d43fc443bc095acded6d259842ea	qtbase	attribution-reference
qtbase/src/corelib/codecs/QTSCIICODEC_LICENSE.txt	e749770c43d1287fa0c0855b2fefea4efa34e6cfa806cf3dc1efa5351a7774bc	qtbase	attribution-reference
qtbase/src/corelib/codecs/qt_attribution.json	371bf15da433ca3df6efa3964d57a8a0dab0a5e6150f33984c39836a51aa2774	qtbase	qt-attribution
qtbase/src/corelib/io/PSL-LICENSE.txt	3f3d9e0024b1921b067d6f7f88deb4a60cbe7a78e76c64e3f1d7fc3b779b9d04	qtbase	attribution-reference
qtbase/src/corelib/io/qt_attribution.json	d783bcaf9fb4c0ac5494cb7dfafa9764bfbd4c48eb59572a426826a756858fd2	qtbase	qt-attribution
qtbase/src/corelib/kernel/QEVENTDISPATCHER_CF_LICENSE.txt	e9e5b9f66d21c0e88a4179525ab39cd8d7eac9af78a8404f322c32b0874783d5	qtbase	attribution-reference
qtbase/src/corelib/kernel/qt_attribution.json	fc637d71a87a8e99622fc018cc2fe8141b7e754a16df4f3de2a30b2d04e1f32b	qtbase	qt-attribution
qtbase/src/corelib/mimetypes/3rdparty/qt_attribution.json	67659a0c58d665921abaaa6ab6164d6ca793a4b4ea7f3be063119b7fa2b50f0f	qtbase	qt-attribution
qtbase/src/corelib/text/UNICODE_LICENSE.txt	80b381b2f157c31e7f3222bdb932bda9fbd7b335e888beec56820fb2993363de	qtbase	attribution-reference
qtbase/src/corelib/text/qt_attribution.json	f69041f78e6523ac2c4ce2463411a0b9ab668f79581e3c47738ca73ea7f87177	qtbase	qt-attribution
qtbase/src/dbus/LIBDBUS-1-LICENSE.txt	ad90aa08bb1a9b7056aa51e2e215b36630855457cde5dffd36aa0faa7b169f24	qtbase	attribution-reference
qtbase/src/dbus/qt_attribution.json	b558937668edfbde8d743e74142951d7ec160ecaa2344c65f3a0ffd568da3087	qtbase	qt-attribution
qtbase/src/gui/opengl/KHRONOS_LICENSE.txt	2e484f3c26ff5008c704a3ca9dd809d43f24a004a1abb6c202660fbff0d19715	qtbase	attribution-reference
qtbase/src/gui/opengl/qt_attribution.json	8f4f118938d9f00ed302322bb071347f724c344fa6e13495321740354e131461	qtbase	qt-attribution
qtbase/src/gui/painting/QIMAGETRANSFORM_LICENSE.txt	46b3cbfa2f2946b93291506351e9be1dd0a28d2a53260f5aa488abd36fbeca9d	qtbase	attribution-reference
qtbase/src/gui/painting/WEBGRADIENTS_LICENSE.txt	9be732e45b638c74f9c0e5248541dd54dc7e8e9a5545df96b5c4b7c9ac0c68ba	qtbase	attribution-reference
qtbase/src/gui/painting/XCONSORTIUM_LICENSE.txt	a216b01291eb38fc1af93cfccf1fc67b48d9923612e517c2a695e95b3f03c22c	qtbase	attribution-reference
qtbase/src/gui/painting/qt_attribution.json	bc7c5e2020d0d25d3be6578fcb53b61c602841200fec30a63d2b107046085d8e	qtbase	qt-attribution
qtbase/src/gui/text/AGLFN_LICENSE.txt	40818155548ff41c67d3a40edf355e9658992b292c227f4c1147425cedc746c6	qtbase	attribution-reference
qtbase/src/gui/text/qt_attribution.json	9d3df4582935d37f822aa515a670c785fef75b88d4efe0ef5713eb86f1be8bd8	qtbase	qt-attribution
qtbase/src/gui/vulkan/KHRONOS_LICENSE.txt	186a9fb07c0a65f41467f66b9f369586ad08b2b5e6441c1f47086c614e0a5319	qtbase	attribution-reference
qtbase/src/gui/vulkan/qt_attribution.json	cf70a2b831086ebb91ad2d4bdd4db84917592a95bcb9da754e5bca3f8ea2df18	qtbase	qt-attribution
qtbase/src/plugins/platforms/cocoa/COCOA_LICENSE.txt	e9e5b9f66d21c0e88a4179525ab39cd8d7eac9af78a8404f322c32b0874783d5	qtbase	attribution-reference
qtbase/src/plugins/platforms/cocoa/qt_attribution.json	9c3b8f5619af1db1802026540f1225f24b718cfe7096bba82a4f23b39ce23ccd	qtbase	qt-attribution
qtbase/src/testlib/3rdparty/CYCLE_LICENSE.txt	cb5aedb296c5246d1f22e9099f925a65146f9f0d6b4eebba97fd27a6cdbbab2d	qtbase	attribution-reference
qtbase/src/testlib/3rdparty/LINUX_LICENSE.txt	ed71cfca021790f74094e9810f42e31288e7f43cf00c8d9ac8d6f904124bd815	qtbase	attribution-reference
qtbase/src/testlib/3rdparty/VALGRIND_LICENSE.txt	ec72eebd6326165156787da828caaa18386489387aefaa073c9bd40b8b2a400e	qtbase	attribution-reference
qtbase/src/testlib/3rdparty/qt_attribution.json	237e6a902a6a595de110d54e210d97935719cc95c026266123b181fe84f2f08c	qtbase	qt-attribution
qtbase/src/tools/moc/util/licenseheader.txt	96b834b200804ad0d28f06f6293407acc211a84e6ce5766f01d070f3c990bf0f	qtbase	license-basename
qtbase/src/widgets/doc/images/licensewizard-flow.png	5b8a602753260b0d8efb127524ef46ba9b4680bd5ef3f2204a4182d63c44b4ab	qtbase	license-basename
qtdeclarative/LICENSE.FDL	ed8742a95cb9db653a09b050e27ccff5e67ba69c14aa2c3137f2a4e1892f6c0d	qtdeclarative	license-basename
qtdeclarative/LICENSE.GPL2	8177f97513213526df2cf6184d8ff986c675afb514d4e68a404010521b880643	qtdeclarative	license-basename
qtdeclarative/LICENSE.GPL3	8ceb4b9ee5adedde47b31e975c1d90c73ad27b6b165a1dcd80c7c545eb65b903	qtdeclarative	license-basename
qtdeclarative/LICENSE.GPL3-EXCEPT	0dbe024961f6ab5c52689cbd036c977975d0d0f6a67ff97762d96cb819dd5652	qtdeclarative	license-basename
qtdeclarative/LICENSE.LGPL3	da7eabb7bafdf7d3ae5e9f223aa5bdc1eece45ac569dc21b3b037520b4464768	qtdeclarative	license-basename
qtdeclarative/src/3rdparty/masm/LICENSE	9ba0c20a2972274f27e975d79ed3582e322d6891338266a52e2d3a9417fc0a72	qtdeclarative	attribution-reference,license-basename
qtdeclarative/src/3rdparty/masm/qt_attribution.json	e4dfb3a68fcd5af66295187e67cb9b66a6b5c1dec5b8ffaa7ba5f5e52bd35c37	qtdeclarative	qt-attribution
qtgraphicaleffects/LICENSE.FDL	ed8742a95cb9db653a09b050e27ccff5e67ba69c14aa2c3137f2a4e1892f6c0d	qtgraphicaleffects	license-basename
qtgraphicaleffects/LICENSE.GPL2	8177f97513213526df2cf6184d8ff986c675afb514d4e68a404010521b880643	qtgraphicaleffects	license-basename
qtgraphicaleffects/LICENSE.GPL3	8ceb4b9ee5adedde47b31e975c1d90c73ad27b6b165a1dcd80c7c545eb65b903	qtgraphicaleffects	license-basename
qtgraphicaleffects/LICENSE.GPL3-EXCEPT	0dbe024961f6ab5c52689cbd036c977975d0d0f6a67ff97762d96cb819dd5652	qtgraphicaleffects	license-basename
qtgraphicaleffects/LICENSE.LGPL3	da7eabb7bafdf7d3ae5e9f223aa5bdc1eece45ac569dc21b3b037520b4464768	qtgraphicaleffects	license-basename
qtimageformats/LICENSE.FDL	ed8742a95cb9db653a09b050e27ccff5e67ba69c14aa2c3137f2a4e1892f6c0d	qtimageformats	license-basename
qtimageformats/LICENSE.GPL2	8177f97513213526df2cf6184d8ff986c675afb514d4e68a404010521b880643	qtimageformats	license-basename
qtimageformats/LICENSE.GPL3	8ceb4b9ee5adedde47b31e975c1d90c73ad27b6b165a1dcd80c7c545eb65b903	qtimageformats	license-basename
qtimageformats/LICENSE.GPL3-EXCEPT	0dbe024961f6ab5c52689cbd036c977975d0d0f6a67ff97762d96cb819dd5652	qtimageformats	license-basename
qtimageformats/LICENSE.GPLv2	edfe70e99be2a7c109d860b19204609e582720b211c50caedac729da372a1253	qtimageformats	license-basename
qtimageformats/LICENSE.GPLv3	245248009fd0af1725d183248380e476c1283383909358a13686606352bf2a17	qtimageformats	license-basename
qtimageformats/LICENSE.LGPL3	da7eabb7bafdf7d3ae5e9f223aa5bdc1eece45ac569dc21b3b037520b4464768	qtimageformats	license-basename
qtimageformats/LICENSE.LGPLv21	1996a36160b2158c2be264d2ddfa6148ebe0f1ececff55aca8d754a1ddcc7bb8	qtimageformats	license-basename
qtimageformats/LICENSE.LGPLv3	5ceb37d1c7c1d92878b82af3c0fd5558087f3d5a08a3a4d43850bad4ad265a52	qtimageformats	license-basename
qtimageformats/src/3rdparty/libtiff/COPYRIGHT	fbd6fed7938541d2c809c0826225fc85e551fdbfa8732b10f0c87e0847acafd7	qtimageformats	attribution-reference,license-basename
qtimageformats/src/3rdparty/libtiff/qt_attribution.json	cfd9d4cf2b46176e99ec545542cd36bd4ca5bbed1eed4e8d79fc2554dfc42ec5	qtimageformats	qt-attribution
qtimageformats/src/3rdparty/libwebp/COPYING	5aec868f669e384a22372a4e8a1a6cd7d44c64cd451f960ca69cc170d1e13acf	qtimageformats	attribution-reference,license-basename
qtimageformats/src/3rdparty/libwebp/qt_attribution.json	a3d084d0aab0d0d5f9908395cbfbfe7b4c822d68b16ec79a108a5ef969ded92a	qtimageformats	qt-attribution
qtlocation/LICENSE.FDL	ed8742a95cb9db653a09b050e27ccff5e67ba69c14aa2c3137f2a4e1892f6c0d	qtlocation	license-basename
qtlocation/LICENSE.GPL2	8177f97513213526df2cf6184d8ff986c675afb514d4e68a404010521b880643	qtlocation	license-basename
qtlocation/LICENSE.GPL3	8ceb4b9ee5adedde47b31e975c1d90c73ad27b6b165a1dcd80c7c545eb65b903	qtlocation	license-basename
qtlocation/LICENSE.GPL3-EXCEPT	0dbe024961f6ab5c52689cbd036c977975d0d0f6a67ff97762d96cb819dd5652	qtlocation	license-basename
qtlocation/LICENSE.GPLv3	245248009fd0af1725d183248380e476c1283383909358a13686606352bf2a17	qtlocation	license-basename
qtlocation/LICENSE.LGPL3	da7eabb7bafdf7d3ae5e9f223aa5bdc1eece45ac569dc21b3b037520b4464768	qtlocation	license-basename
qtlocation/LICENSE.LGPLv3	5ceb37d1c7c1d92878b82af3c0fd5558087f3d5a08a3a4d43850bad4ad265a52	qtlocation	license-basename
qtlocation/examples/positioning/weatherinfo/icons/qt_attribution.json	f89dc1db3729c8ac743929f6f8b8678c05a146f4378d9e5d72568466a41d5b88	qtlocation	qt-attribution
qtlocation/src/3rdparty/clip2tri/LICENSE	4f03032b43817e39a77e291cd57aefb4c8159957ca522f4f1cdcac8db5e563aa	qtlocation	attribution-reference,license-basename
qtlocation/src/3rdparty/clip2tri/qt_attribution.json	22196634b8c503a3f29ef1b81ce7d18dcc9113f70e145f0b5554ce3d11c3b744	qtlocation	qt-attribution
qtlocation/src/3rdparty/clipper/LICENSE	eca9b9180a47709678f85448d1f447f503ac86e1b3543c4bf0a3879a715fb802	qtlocation	attribution-reference,license-basename
qtlocation/src/3rdparty/clipper/qt_attribution.json	a1dc4869be9f587a610f24f97e004c9b27947db97077eef7727277bc37610ebf	qtlocation	qt-attribution
qtlocation/src/3rdparty/earcut/LICENSE	828f2aed51b6526881a236758ec9b08cd69928fbfc70346d9d44a0b3a3444fe1	qtlocation	attribution-reference,license-basename
qtlocation/src/3rdparty/earcut/qt_attribution.json	bc21a3dc8757a775310d2b312a29037e5f571a40d62e266c985da647ef882f85	qtlocation	qt-attribution
qtlocation/src/3rdparty/geosimplify.js/LICENSE	44ad257ad8cc191e309edd23daeef95c2dc3242587f966d6cf4a5323340b7689	qtlocation	attribution-reference,license-basename
qtlocation/src/3rdparty/geosimplify.js/qt_attribution.json	f90c23216cac24054d51012565926e5839ecd87d65405fa188b40dd169dca8d8	qtlocation	qt-attribution
qtlocation/src/3rdparty/mapbox-gl-native/LICENSE.md	50fbbf443ab764019871ed5eedd9035967cb1b4f94baccbc05f3062f2d0fef4e	qtlocation-mapboxgl	license-basename
qtlocation/src/3rdparty/mapbox-gl-native/LICENSE_Boost.txt	c9bff75738922193e67fa726fa225535870d2aa1059f91452c411736284ad566	qtlocation-mapboxgl	attribution-reference,license-basename
qtlocation/src/3rdparty/mapbox-gl-native/LICENSE_CSSColorParser.txt	23b997149a52805b5e6acfbd26924e2d2c8dc31d4824c85da46dac4603815055	qtlocation-mapboxgl	attribution-reference,license-basename
qtlocation/src/3rdparty/mapbox-gl-native/LICENSE_geojson.txt	44b7f71c4d7f3da85e5e6a5d0cfa6942055d326a24f4d60a3728ebed26ea2b9d	qtlocation-mapboxgl	attribution-reference,license-basename
qtlocation/src/3rdparty/mapbox-gl-native/LICENSE_geojson_vt_cpp.txt	828f2aed51b6526881a236758ec9b08cd69928fbfc70346d9d44a0b3a3444fe1	qtlocation-mapboxgl	attribution-reference,license-basename
qtlocation/src/3rdparty/mapbox-gl-native/LICENSE_geometry.txt	e2bf3affd357261f7451bb19108281c1bde54746bfa2beb0c1c34ab042b21700	qtlocation-mapboxgl	attribution-reference,license-basename
qtlocation/src/3rdparty/mapbox-gl-native/LICENSE_mapbox.txt	900ee7709271d6c227e33e600fd3ff156a6eac63fdd7a9089021cd49fe48e19a	qtlocation-mapboxgl	attribution-reference,license-basename
qtlocation/src/3rdparty/mapbox-gl-native/LICENSE_parsedate.txt	b4fa5cbec66c57716d1a5cd528af311ebb9610f57ae1550b82dac1dff690c6e9	qtlocation-mapboxgl	attribution-reference,license-basename
qtlocation/src/3rdparty/mapbox-gl-native/LICENSE_protozero.txt	1f4d477e3c2d74d8706c8f05437bd86804abe46853b1f233ce1549a4de76fa49	qtlocation-mapboxgl	attribution-reference,license-basename
qtlocation/src/3rdparty/mapbox-gl-native/LICENSE_rapidjson.txt	3bb670161958064f54329ca1d9d45854f6ec5225aa937048c2c4b8af5b8ab5d0	qtlocation-mapboxgl	attribution-reference,license-basename
qtlocation/src/3rdparty/mapbox-gl-native/LICENSE_vectortile.txt	e2bf3affd357261f7451bb19108281c1bde54746bfa2beb0c1c34ab042b21700	qtlocation-mapboxgl	attribution-reference,license-basename
qtlocation/src/3rdparty/mapbox-gl-native/LICENSE_wagyu.txt	5e39d227943f601123be20a99151094be889e3d6925799d5c67173ab5b2996d5	qtlocation-mapboxgl	attribution-reference,license-basename
qtlocation/src/3rdparty/mapbox-gl-native/deps/earcut/0.12.4/LICENSE	828f2aed51b6526881a236758ec9b08cd69928fbfc70346d9d44a0b3a3444fe1	qtlocation-mapboxgl	attribution-reference,license-basename
qtlocation/src/3rdparty/mapbox-gl-native/deps/kdbush/0.1.1-1/LICENSE	eeb9c9d04d930512cec46a5d7c08f418af9fbc50ebf481f09fcebcdf3fbb941c	qtlocation-mapboxgl	attribution-reference,license-basename
qtlocation/src/3rdparty/mapbox-gl-native/deps/polylabel/1.0.3/LICENSE	65a3a49fb6204651f10312304af7b2b093f55dc3b7d5dc672b00d188d5035e32	qtlocation-mapboxgl	attribution-reference,license-basename
qtlocation/src/3rdparty/mapbox-gl-native/deps/shelf-pack/2.1.1/LICENSE.md	27043d1a6a0e1985fde12660decbbd3b23c67de900b00609c90d4f0aa492f425	qtlocation-mapboxgl	attribution-reference,license-basename
qtlocation/src/3rdparty/mapbox-gl-native/deps/supercluster/0.2.2/LICENSE	e2bf3affd357261f7451bb19108281c1bde54746bfa2beb0c1c34ab042b21700	qtlocation-mapboxgl	attribution-reference,license-basename
qtlocation/src/3rdparty/mapbox-gl-native/deps/tao_tuple/28626e99/LICENSE	79321a021f0e80a8898582efe85a00db6e279e161ddcc47c370957f0843ebdb4	qtlocation-mapboxgl	attribution-reference,license-basename
qtlocation/src/3rdparty/mapbox-gl-native/deps/variant/1.1.4/LICENSE	7686f81e580cd6774f609a2d8a41b2cebdf79bc30e6b46c3efff5a656158981c	qtlocation-mapboxgl	attribution-reference,license-basename
qtlocation/src/3rdparty/mapbox-gl-native/qt_attribution.json	6b3ddfcf74e15d3a7d1111d7e9074008e71d55eda5ab0a14202d2660751c6f4c	qtlocation-mapboxgl	qt-attribution
qtlocation/src/3rdparty/mapbox-gl-native/vendor/nunicode/LICENSE	6eb1812397a8ab5ad53014b529e75f5e42f3196c6946f330d91d7a56e471d2ac	qtlocation-mapboxgl	attribution-reference,license-basename
qtlocation/src/3rdparty/poly2tri/LICENSE	a4d34b9e99a7f11d095ba330da5a4723ec00b019ae1ba42cba46ad1d89902c4e	qtlocation	attribution-reference,license-basename
qtlocation/src/3rdparty/poly2tri/qt_attribution.json	d59920805dfa404fa73f041171c3b5d929565e7bf9c2439da789e4932e3dca65	qtlocation	qt-attribution
qtlocation/src/plugins/geoservices/mapbox/maki-4.0.0/LICENSE.txt	36ffd9dc085d529a7e60e1276d73ae5a030b020313e6c5408593a6ae2af39673	qtlocation	license-basename
qtmultimedia/LICENSE.FDL	ed8742a95cb9db653a09b050e27ccff5e67ba69c14aa2c3137f2a4e1892f6c0d	qtmultimedia	license-basename
qtmultimedia/LICENSE.GPL2	8177f97513213526df2cf6184d8ff986c675afb514d4e68a404010521b880643	qtmultimedia	license-basename
qtmultimedia/LICENSE.GPL3	8ceb4b9ee5adedde47b31e975c1d90c73ad27b6b165a1dcd80c7c545eb65b903	qtmultimedia	license-basename
qtmultimedia/LICENSE.GPL3-EXCEPT	0dbe024961f6ab5c52689cbd036c977975d0d0f6a67ff97762d96cb819dd5652	qtmultimedia	license-basename
qtmultimedia/LICENSE.LGPL3	da7eabb7bafdf7d3ae5e9f223aa5bdc1eece45ac569dc21b3b037520b4464768	qtmultimedia	license-basename
qtmultimedia/examples/multimedia/spectrum/3rdparty/fftreal/license.txt	c1d75c15db4409bcbb182180d582f410a263dc9a631cd546b256e95f1da42165	qtmultimedia	license-basename
qtquickcontrols/LICENSE.FDL	ed8742a95cb9db653a09b050e27ccff5e67ba69c14aa2c3137f2a4e1892f6c0d	qtquickcontrols	license-basename
qtquickcontrols/LICENSE.GPL2	8177f97513213526df2cf6184d8ff986c675afb514d4e68a404010521b880643	qtquickcontrols	license-basename
qtquickcontrols/LICENSE.GPL3	8ceb4b9ee5adedde47b31e975c1d90c73ad27b6b165a1dcd80c7c545eb65b903	qtquickcontrols	license-basename
qtquickcontrols/LICENSE.GPL3-EXCEPT	0dbe024961f6ab5c52689cbd036c977975d0d0f6a67ff97762d96cb819dd5652	qtquickcontrols	license-basename
qtquickcontrols/LICENSE.LGPL3	da7eabb7bafdf7d3ae5e9f223aa5bdc1eece45ac569dc21b3b037520b4464768	qtquickcontrols	license-basename
qtquickcontrols/examples/quickcontrols/extras/dashboard/fonts/LICENSE	d75938dec098f06f0ac3c00853065d94f020be1c3c62ef1dc2975ba15b4d9b0e	qtquickcontrols	license-basename
qtquickcontrols/examples/quickcontrols/extras/gallery/fonts/LICENSE.txt	cfc7749b96f63bd31c3c42b5c471bf756814053e847c10f3eb003417bc523d30	qtquickcontrols	license-basename
qtquickcontrols/src/extras/Styles/Flat/fonts/LICENSE.txt	cfc7749b96f63bd31c3c42b5c471bf756814053e847c10f3eb003417bc523d30	qtquickcontrols	license-basename
qtquickcontrols2/LICENSE.FDL	ed8742a95cb9db653a09b050e27ccff5e67ba69c14aa2c3137f2a4e1892f6c0d	qtquickcontrols2	license-basename
qtquickcontrols2/LICENSE.GPL2	8177f97513213526df2cf6184d8ff986c675afb514d4e68a404010521b880643	qtquickcontrols2	license-basename
qtquickcontrols2/LICENSE.GPL3	8ceb4b9ee5adedde47b31e975c1d90c73ad27b6b165a1dcd80c7c545eb65b903	qtquickcontrols2	license-basename
qtquickcontrols2/LICENSE.GPLv3	d2cfc059acb4abd8e513cd0a73cd8489f34cbafa7bc34d5d31fb3210821cf8ca	qtquickcontrols2	license-basename
qtquickcontrols2/LICENSE.LGPL3	da7eabb7bafdf7d3ae5e9f223aa5bdc1eece45ac569dc21b3b037520b4464768	qtquickcontrols2	license-basename
qtquickcontrols2/LICENSE.LGPLv3	9e63a04ce021b8bf811b30881fa51c8c3db88afeead942cd59322f2fb69c75bc	qtquickcontrols2	license-basename
qtquickcontrols2/examples/quickcontrols2/swipetoremove/fonts/LICENSE.txt	92a70e3777d010b863fb4519a7d474a9b29383de58e7898d7b77c1e3295acb7c	qtquickcontrols2	license-basename
qtquickcontrols2/src/imports/controls/material/LICENSE_ANGULARJS.txt	a1c1daa9eec4db907907c0ccc42a4843bb996410f888b972a39fe152e829bc3d	qtquickcontrols2	attribution-reference,license-basename
qtquickcontrols2/src/imports/controls/material/qt_attribution.json	dc7efd4169e143f91461cb08972d6f734bffb6e4b995ab78d4c991180f8e604a	qtquickcontrols2	qt-attribution
qtquickcontrols2/tests/manual/testbench/fonts/LICENSE.txt	e882ddf66dd8808b5dc6b8e4eebd80696b3f7064ff2edeae2ea7db2fedffeb7f	qtquickcontrols2	license-basename
qtscxml/LICENSE.FDL	ed8742a95cb9db653a09b050e27ccff5e67ba69c14aa2c3137f2a4e1892f6c0d	qtscxml	license-basename
qtscxml/LICENSE.GPL3-EXCEPT	0dbe024961f6ab5c52689cbd036c977975d0d0f6a67ff97762d96cb819dd5652	qtscxml	license-basename
qtscxml/LICENSE.LGPL3	da7eabb7bafdf7d3ae5e9f223aa5bdc1eece45ac569dc21b3b037520b4464768	qtscxml	license-basename
qtscxml/tests/3rdparty/scion-tests/LICENSE.txt	c71d239df91726fc519c6eb72d318ec65820627232b2f796219e87dcf35d0ab4	qtscxml	license-basename
qtscxml/tests/3rdparty/scion-tests/scxml-test-framework/LICENSE.txt	c71d239df91726fc519c6eb72d318ec65820627232b2f796219e87dcf35d0ab4	qtscxml	license-basename
qtsvg/LICENSE.FDL	ed8742a95cb9db653a09b050e27ccff5e67ba69c14aa2c3137f2a4e1892f6c0d	qtsvg	license-basename
qtsvg/LICENSE.GPL2	8177f97513213526df2cf6184d8ff986c675afb514d4e68a404010521b880643	qtsvg	license-basename
qtsvg/LICENSE.GPL3	8ceb4b9ee5adedde47b31e975c1d90c73ad27b6b165a1dcd80c7c545eb65b903	qtsvg	license-basename
qtsvg/LICENSE.GPL3-EXCEPT	0dbe024961f6ab5c52689cbd036c977975d0d0f6a67ff97762d96cb819dd5652	qtsvg	license-basename
qtsvg/LICENSE.GPLv3	245248009fd0af1725d183248380e476c1283383909358a13686606352bf2a17	qtsvg	license-basename
qtsvg/LICENSE.LGPL3	da7eabb7bafdf7d3ae5e9f223aa5bdc1eece45ac569dc21b3b037520b4464768	qtsvg	license-basename
qtsvg/LICENSE.LGPLv21	1996a36160b2158c2be264d2ddfa6148ebe0f1ececff55aca8d754a1ddcc7bb8	qtsvg	license-basename
qtsvg/LICENSE.LGPLv3	5ceb37d1c7c1d92878b82af3c0fd5558087f3d5a08a3a4d43850bad4ad265a52	qtsvg	license-basename
qtsvg/src/svg/XSVG_LICENSE.txt	3a946598a9f674d44df764279ca0b85b5d6faba08f3bc75d8e0fcf6cd729a9bd	qtsvg	attribution-reference
qtsvg/src/svg/qt_attribution.json	411944a272ecf06fb91bfbff3e29f141da41f4e376eb57c9c01a1bcbaede1c86	qtsvg	qt-attribution
qttools/LICENSE.FDL	ed8742a95cb9db653a09b050e27ccff5e67ba69c14aa2c3137f2a4e1892f6c0d	qttools	license-basename
qttools/LICENSE.GPL2	8177f97513213526df2cf6184d8ff986c675afb514d4e68a404010521b880643	qttools	license-basename
qttools/LICENSE.GPL3	8ceb4b9ee5adedde47b31e975c1d90c73ad27b6b165a1dcd80c7c545eb65b903	qttools	license-basename
qttools/LICENSE.GPL3-EXCEPT	0dbe024961f6ab5c52689cbd036c977975d0d0f6a67ff97762d96cb819dd5652	qttools	license-basename
qttools/LICENSE.LGPL3	da7eabb7bafdf7d3ae5e9f223aa5bdc1eece45ac569dc21b3b037520b4464768	qttools	license-basename
qttools/tests/auto/qtattributionsscanner/testdata/good/variants/LICENSE1.txt	3827f47858e3fca4ef1326e509513918fa46a9526eb72a5d697f9b0bf9c0fcdc	qttools	license-basename
qttools/tests/auto/qtattributionsscanner/testdata/good/variants/LICENSE2.txt	3522b9b81a52287f015f0d35573b3f4cdf926ef1febeb0d93ba8d639a252edd2	qttools	license-basename
qttools/tests/manual/qtattributionsscanner/data/LICENSE	3417a56f1be5140321a9ba5885434f92417d671e65e28966974947163e5cff0e	qttools	attribution-reference,license-basename
qttools/tests/manual/qtattributionsscanner/data/qt_attribution.json	3d8067b2ac00c1b6e2319c476aaa66b3ee289a44c643ad95f3808483eb62a4b9	qttools	qt-attribution
qtwebchannel/LICENSE.FDL	ed8742a95cb9db653a09b050e27ccff5e67ba69c14aa2c3137f2a4e1892f6c0d	qtwebchannel	license-basename
qtwebchannel/LICENSE.GPL2	8177f97513213526df2cf6184d8ff986c675afb514d4e68a404010521b880643	qtwebchannel	license-basename
qtwebchannel/LICENSE.GPL3	8ceb4b9ee5adedde47b31e975c1d90c73ad27b6b165a1dcd80c7c545eb65b903	qtwebchannel	license-basename
qtwebchannel/LICENSE.GPL3-EXCEPT	0dbe024961f6ab5c52689cbd036c977975d0d0f6a67ff97762d96cb819dd5652	qtwebchannel	license-basename
qtwebchannel/LICENSE.LGPL3	da7eabb7bafdf7d3ae5e9f223aa5bdc1eece45ac569dc21b3b037520b4464768	qtwebchannel	license-basename
qtwebsockets/LICENSE.GPL2	8177f97513213526df2cf6184d8ff986c675afb514d4e68a404010521b880643	qtwebsockets	license-basename
qtwebsockets/LICENSE.GPL3	8ceb4b9ee5adedde47b31e975c1d90c73ad27b6b165a1dcd80c7c545eb65b903	qtwebsockets	license-basename
qtwebsockets/LICENSE.GPL3-EXCEPT	0dbe024961f6ab5c52689cbd036c977975d0d0f6a67ff97762d96cb819dd5652	qtwebsockets	license-basename
qtwebsockets/LICENSE.LGPL3	da7eabb7bafdf7d3ae5e9f223aa5bdc1eece45ac569dc21b3b037520b4464768	qtwebsockets	license-basename
qtwebview/LICENSE.FDL	ed8742a95cb9db653a09b050e27ccff5e67ba69c14aa2c3137f2a4e1892f6c0d	qtwebview	license-basename
qtwebview/LICENSE.GPLv2	edfe70e99be2a7c109d860b19204609e582720b211c50caedac729da372a1253	qtwebview	license-basename
qtwebview/LICENSE.GPLv3	245248009fd0af1725d183248380e476c1283383909358a13686606352bf2a17	qtwebview	license-basename
qtwebview/LICENSE.LGPLv3	5ceb37d1c7c1d92878b82af3c0fd5558087f3d5a08a3a4d43850bad4ad265a52	qtwebview	license-basename
qtxmlpatterns/LICENSE.FDL	ed8742a95cb9db653a09b050e27ccff5e67ba69c14aa2c3137f2a4e1892f6c0d	qtxmlpatterns	license-basename
qtxmlpatterns/LICENSE.GPL2	8177f97513213526df2cf6184d8ff986c675afb514d4e68a404010521b880643	qtxmlpatterns	license-basename
qtxmlpatterns/LICENSE.GPL3	8ceb4b9ee5adedde47b31e975c1d90c73ad27b6b165a1dcd80c7c545eb65b903	qtxmlpatterns	license-basename
qtxmlpatterns/LICENSE.GPL3-EXCEPT	0dbe024961f6ab5c52689cbd036c977975d0d0f6a67ff97762d96cb819dd5652	qtxmlpatterns	license-basename
qtxmlpatterns/LICENSE.LGPL3	da7eabb7bafdf7d3ae5e9f223aa5bdc1eece45ac569dc21b3b037520b4464768	qtxmlpatterns	license-basename
qtxmlpatterns/src/xmlpatterns/schema/schemas/qt_attribution.json	1131c70e44c475c2feffb3e6257a8583f55bd380a1f1815c3721a984d1bda9e7	qtxmlpatterns	qt-attribution
qtxmlpatterns/src/xmlpatterns/schema/schemas/xml.xsd-LICENSE	e43a47e75c65bfde23f137bbdf89c1d6f9d01b0c862b0b2909eee1777cc6f377	qtxmlpatterns	attribution-reference
